{
  "name": "megaprompt",
  "anchors": {
    "skill_1": {
      "wins": 0,
      "losses": 10,
      "draws": 2,
      "total": 12,
      "base_elo": 1000.0
    },
    "skill_3": {
      "wins": 0,
      "losses": 11,
      "draws": 1,
      "total": 12,
      "base_elo": 1200.0
    },
    "skill_5": {
      "wins": 0,
      "losses": 11,
      "draws": 1,
      "total": 12,
      "base_elo": 1500.0
    }
  },
  "cross_validation": {},
  "elo": 694.0205423661031,
  "elo_ci_lower": 524.2107246535586,
  "elo_ci_upper": 863.8303600786476,
  "graded_at": "2026-04-25T10:57:35.061001"
}